Event name,chr10:126534988:126535177:-@chr10:126533971:126534135:-@chr10:126533686:126533798:-,chr10:14403870:14403945:-@chr10:14395740:14395848:-@chr10:14387738:14387914:-,chr10:20051892:20052067:+@chr10:20052202:20052363:+@chr10:20053198:20053697:+,chr10:20052864:20053378:+@chr10:20054305:20054451:+@chr10:20059515:20059727:+,chr10:58814831:58815007:+@chr10:58817088:58817158:+@chr10:58818098:58818168:+@chr10:58824609:58824708:+,chr10:79173370:79173665:+@chr10:79174001:79174029:+@chr10:79174239:79174726:+,chr10:79322526:79322700:+@chr10:79322862:79322939:+@chr10:79323569:79323862:+,chr10:87376364:87376545:+@chr10:87378043:87378094:+@chr10:87393420:87399792:+,chr10:92747514:92747722:-@chr10:92727625:92728425:-@chr10:92717434:92717556:-,chr11:101438508:101438565:+@chr11:101439246:101439351:+@chr11:101441899:101443267:+,chr11:106616096:106616365:+@chr11:106622497:106622610:+@chr11:106625170:106625262:+,chr11:119136374:119136505:+@chr11:119138156:119138266:+@chr11:119138815:119138928:+,chr11:120829309:120829448:-@chr11:120826262:120826324:-@chr11:120823055:120825220:-,chr1:130078563:130078789:+@chr1:130080977:130081231:+@chr1:130083335:130087850:+,chr11:3025239:3026061:+@chr11:3027134:3027222:+@chr11:3027482:3031950:+,chr11:48684596:48685187:-@chr11:48682064:48682282:-@chr11:48678747:48680505:-,chr11:51080559:51080833:+@chr11:51084039:51084097:+@chr11:51085302:51087129:+,chr11:51085302:51085524:+@chr11:51086580:51086670:+@chr11:51087062:51087129:+,chr11:51416095:51416197:-@chr11:51415252:51415392:-@chr11:51409678:51414980:-,chr1:157888019:157888132:+@chr1:157888205:157888264:+@chr1:157898424:157900866:+,chr11:6213791:6213982:+@chr11:6216768:6216858:+@chr11:6216981:6217083:+@chr11:6234536:6234651:+,chr11:6315214:6318134:+@chr11:6318229:6318317:+@chr11:6319185:6319288:+@chr11:6319481:6319821:+,chr11:70833099:70833691:+@chr11:70838060:70838213:+@chr11:70838612:70840880:+,chr11:72802472:72802589:+@chr11:72802977:72803049:+@chr11:72805191:72806546:+,chr11:72802472:72802589:+@chr11:72802977:72803062:+@chr11:72805191:72806546:+,chr1:173568794:173569399:-@chr1:173567428:173567531:-@chr1:173565848:173566505:-,chr11:78349862:78350078:+@chr11:78352012:78352240:+@chr11:78352336:78352464:+,chr11:80205337:80205494:+@chr11:80206586:80206678:+@chr11:80207788:80208033:+,chr11:83164481:83164673:+@chr11:83178297:83178338:+@chr11:83179149:83179299:+,chr11:93973347:93973460:+@chr11:93974577:93974615:+@chr11:93975487:93975663:+,chr11:95138783:95138929:-@chr11:95137757:95137863:-@chr11:95135569:95137201:-,chr12:107308735:107308825:+@chr12:107311829:107311888:+@chr12:107313217:107315636:+,chr12:31589934:31590007:-@chr12:31589735:31589848:-@chr12:31589583:31589696:-@chr12:31582610:31582671:-,chr12:8227406:8227561:+@chr12:8234026:8234169:+@chr12:8275170:8275404:+,chr12:8735662:8735955:+@chr12:8740079:8740315:+@chr12:8750567:8750838:+,chr12:87609926:87610011:+@chr12:87622399:87622493:+@chr12:87629750:87635622:+,chr13:104623578:104625108:-@chr13:104620268:104620411:-@chr13:104617987:104618103:-,chr13:23454672:23455079:-@chr13:23454449:23454523:-@chr13:23444972:23449582:-,chr13:51858621:51858689:-@chr13:51829876:51829939:-@chr13:51820593:51820911:-,chr13:54666543:54666796:-@chr13:54665546:54665633:-@chr13:54662661:54663232:-,chr13:56197485:56197595:-@chr13:56191119:56191218:-@chr13:56189613:56189703:-@chr13:56185557:56185646:-,chr13:59883379:59886735:-@chr13:59880113:59880176:-@chr13:59872870:59874220:-,chr13:89851810:89852103:-@chr13:89842523:89845402:-@chr13:89827890:89833106:-,chr13:91940216:91940621:-@chr13:91938428:91938496:-@chr13:91935645:91936859:-,chr14:105512686:105512930:-@chr14:105511536:105511619:-@chr14:105505945:105509019:-,chr14:13130096:13130170:+@chr14:13132236:13132296:+@chr14:13133662:13135745:+,chr14:26477593:26477759:+@chr14:26480753:26481007:+@chr14:26482426:26486233:+,chr14:52723564:52723703:-@chr14:52716997:52718219:-@chr14:52703544:52704066:-,chr14:52723564:52723703:-@chr14:52717690:52717715:-@chr14:52703544:52704066:-,chr15:50653651:50654254:-@chr15:50597051:50597083:-@chr15:50496233:50496355:-,chr15:78435290:78436343:+@chr15:78437387:78437505:+@chr15:78438556:78438636:+,chr15:83212192:83212313:-@chr15:83210114:83210236:-@chr15:83209429:83209625:-,chr16:20540406:20540488:+@chr16:20540881:20540886:+@chr16:20541048:20541183:+,chr16:23111890:23111969:+@chr16:23112424:23112530:+@chr16:23113240:23114378:+,chr16:23111890:23111969:+@chr16:23112424:23112534:+@chr16:23113240:23114378:+,chr16:27435648:27435763:+@chr16:27436454:27436498:+@chr16:27436584:27436688:+,chr16:30322958:30323038:-@chr16:30321892:30321981:-@chr16:30312488:30315987:-,chr16:35941119:35941221:+@chr16:35943455:35943596:+@chr16:35947587:35948440:+,chr16:5037012:5037150:-@chr16:5036329:5036568:-@chr16:5031980:5032066:-,chr16:85043821:85043988:-@chr16:85040496:85040552:-@chr16:85030477:85030610:-,chr17:26380951:26381252:-@chr17:26362857:26362968:-@chr17:26357226:26357525:-,chr17:26380951:26381252:-@chr17:26362873:26362968:-@chr17:26357226:26357525:-,chr17:29089379:29089514:+@chr17:29094824:29095002:+@chr17:29098359:29098632:+,chr17:34133772:34134813:-@chr17:34133561:34133599:-@chr17:34132958:34133421:-,chr17:36051279:36051347:-@chr17:36048364:36048423:-@chr17:36047324:36047901:-,chr17:6028419:6028586:+@chr17:6029700:6029834:+@chr17:6032697:6032944:+,chr18:34769459:34769603:-@chr18:34768072:34768281:-@chr18:34767429:34767709:-,chr18:34770786:34770922:-@chr18:34770064:34770282:-@chr18:34768072:34769603:-,chr18:80935392:80935595:-@chr18:80933551:80933583:-@chr18:80930882:80932888:-,chr1:88423296:88425819:+@chr1:88426031:88426131:+@chr1:88426306:88426996:+,chr19:10651646:10652573:+@chr19:10653472:10653564:+@chr19:10654953:10655052:+,chr19:4792398:4792820:-@chr19:4787361:4788042:-@chr19:4784062:4785567:-,chr19:7064171:7064355:-@chr19:7063913:7064074:-@chr19:7062679:7062765:-,chr19:7064171:7064355:-@chr19:7063913:7064077:-@chr19:7062679:7062765:-,chr19:8094045:8094253:+@chr19:8106122:8106227:+@chr19:8107617:8108568:+,chr2:119456073:119456241:+@chr2:119459456:119459554:+@chr2:119461214:119461323:+,chr2:120371579:120371640:-@chr2:120359247:120361415:-@chr2:120357331:120357958:-,chr2:125980277:125980596:+@chr2:125984146:125984289:+@chr2:125985506:125985764:+,chr2:130101990:130102594:+@chr2:130102768:130103050:+@chr2:130103212:130103706:+,chr2:151326451:151326525:+@chr2:151328191:151328196:+@chr2:151328750:151329159:+,chr2:156003072:156003642:-@chr2:155999833:155999904:-@chr2:155998141:155998758:-,chr2:156927457:156927594:-@chr2:156927057:156927179:-@chr2:156923265:156925239:-,chr2:164658371:164658696:+@chr2:164659224:164659350:+@chr2:164659530:164659931:+,chr2:166761423:166761526:+@chr2:166762842:166762939:+@chr2:166765135:166765285:+,chr2:181236610:181236758:+@chr2:181237581:181237640:+@chr2:181242871:181242972:+,chr2:22812538:22812638:-@chr2:22808955:22809128:-@chr2:22802096:22802281:-,chr2:22812538:22812638:-@chr2:22808955:22809131:-@chr2:22802096:22802281:-,chr2:22826603:22826779:-@chr2:22818734:22818748:-@chr2:22817921:22818021:-,chr2:27309833:27310024:-@chr2:27308920:27308970:-@chr2:27308353:27308594:-,chr2:28549144:28549346:-@chr2:28548432:28548579:-@chr2:28547599:28547672:-,chr2:32082465:32082556:+@chr2:32084783:32084864:+@chr2:32086131:32090161:+,chr2:44968343:44968799:-@chr2:44966540:44966690:-@chr2:44964669:44965677:-,chr2:4527016:4527112:+@chr2:4529045:4529116:+@chr2:4532013:4535427:+,chr2:51807962:51808148:-@chr2:51805504:51805610:-@chr2:51804008:51804296:-,chr2:91612448:91613904:+@chr2:91645181:91645267:+@chr2:91650187:91651126:+,chr3:102843856:102843965:+@chr3:102844364:102844456:+@chr3:102845068:102845165:+,chr3:142170879:142171060:+@chr3:142181084:142182023:+@chr3:142184004:142185308:+,chr3:142222990:142223247:+@chr3:142223460:142223654:+@chr3:142224704:142224899:+,chr3:153573225:153573852:-@chr3:153573028:153573125:-@chr3:153571754:153572562:-,chr3:157703395:157703586:+@chr3:157704550:157704623:+@chr3:157706525:157706654:+,chr3:5563165:5563272:-@chr3:5562669:5562732:-@chr3:5560498:5561764:-,chr3:58934416:58934546:-@chr3:58920110:58920213:-@chr3:58918540:58919983:-,chr3:65760775:65760884:-@chr3:65759052:65759198:-@chr3:65752814:65755476:-,chr3:68833323:68833449:+@chr3:68834165:68834354:+@chr3:68835330:68835474:+,chr3:79399124:79399230:+@chr3:79400014:79400120:+@chr3:79401607:79402836:+,chr4:115747521:115747691:-@chr4:115743273:115743362:-@chr4:115742414:115742629:-,chr4:131766667:131766746:-@chr4:131761429:131761630:-@chr4:131740827:131742862:-,chr4:132099225:132100037:+@chr4:132100572:132100666:+@chr4:132102552:132102623:+,chr4:41318758:41318882:+@chr4:41325980:41326903:+@chr4:41334208:41334390:+,chr4:41687649:41687922:-@chr4:41687419:41687515:-@chr4:41685364:41686453:-,chr4:45421567:45421641:-@chr4:45417599:45417707:-@chr4:45408777:45413051:-,chr5:100391534:100391631:-@chr5:100391117:100391223:-@chr5:100384954:100390352:-,chr5:100393003:100393102:-@chr5:100392750:100392896:-@chr5:100391124:100391631:-,chr5:105479883:105480090:-@chr5:105470872:105470999:-@chr5:105460229:105460338:-,chr5:111812008:111812130:+@chr5:111814540:111814624:+@chr5:111815523:111817381:+,chr5:121357303:121357543:-@chr5:121355605:121355893:-@chr5:121335782:121336070:-@chr5:121331833:121332078:-,chr5:20311473:20311631:-@chr5:20309003:20309168:-@chr5:20307720:20307884:-,chr5:31260261:31260730:-@chr5:31258635:31258707:-@chr5:31253227:31258110:-,chr5:73695774:73695923:+@chr5:73697817:73697992:+@chr5:73704682:73705323:+,chr6:123180522:123180611:+@chr6:123182111:123182212:+@chr6:123185462:123185613:+,chr6:13788560:13789179:-@chr6:13787999:13788122:-@chr6:13785068:13787073:-,chr6:142442620:142442737:-@chr6:142441013:142441136:-@chr6:142438767:142439124:-,chr6:29306471:29306697:+@chr6:29311294:29311487:+@chr6:29311560:29311753:+@chr6:29316040:29316206:+,chr6:38543378:38543469:+@chr6:38548785:38548814:+@chr6:38553277:38557212:+,chr6:42300945:42301147:+@chr6:42301274:42301361:+@chr6:42301474:42301968:+,chr6:50296327:50296430:-@chr6:50296010:50296102:-@chr6:50294873:50295029:-,chr6:51413410:51413492:-@chr6:51411919:51412054:-@chr6:51410870:51411432:-,chr6:51419670:51420485:-@chr6:51417390:51417425:-@chr6:51417184:51417294:-,chr6:71802268:71802861:+@chr6:71803167:71803262:+@chr6:71806906:71807042:+,chr6:71802268:71802861:+@chr6:71803173:71803262:+@chr6:71806906:71807042:+,chr6:71813135:71813264:+@chr6:71816720:71816734:+@chr6:71818574:71818863:+,chr6:72499267:72499495:+@chr6:72499724:72499862:+@chr6:72505267:72505629:+,chr7:104713661:104713810:-@chr7:104706641:104706736:-@chr7:104698841:104699251:-,chr7:134564919:134565541:-@chr7:134563524:134563619:-@chr7:134562478:134563155:-,chr7:137650996:137651213:-@chr7:137648208:137648336:-@chr7:137647236:137647364:-@chr7:137625197:137625229:-,chr7:139834170:139834262:+@chr7:139841941:139842032:+@chr7:139897275:139898333:+,chr7:150706289:150706345:-@chr7:150704755:150704790:-@chr7:150699481:150700542:-,chr7:151666990:151667155:-@chr7:151664932:151665002:-@chr7:151662658:151663894:-,chr7:30879813:30880230:+@chr7:30884547:30884741:+@chr7:30889249:30892847:+,chr7:35136305:35136536:-@chr7:35132945:35133001:-@chr7:35129656:35130977:-,chr7:71537493:71537729:+@chr7:71545055:71545230:+@chr7:71556721:71557010:+,chr7:86290133:86290264:-@chr7:86288164:86288274:-@chr7:86287755:86287936:-,chr7:87457918:87458017:+@chr7:87458413:87458454:+@chr7:87460000:87461202:+,chr8:107852222:107852358:+@chr8:107852508:107852547:+@chr8:107852672:107852957:+,chr8:13369459:13369580:+@chr8:13370172:13370274:+@chr8:13370481:13371022:+,chr8:20020170:20020414:-@chr8:20006102:20006307:-@chr8:20000381:20000997:-,chr8:28264618:28265407:-@chr8:28262069:28263631:-@chr8:28261167:28261275:-,chr8:64434912:64435067:+@chr8:64436842:64436947:+@chr8:64437358:64437473:+,chr8:73779907:73780019:-@chr8:73779546:73779611:-@chr8:73779306:73779464:-,chr8:77523459:77523790:+@chr8:77523898:77524012:+@chr8:77524549:77526351:+,chr8:87396134:87396731:+@chr8:87407330:87407483:+@chr8:87409834:87410022:+,chr8:91220926:91220998:+@chr8:91226204:91226337:+@chr8:91229125:91229778:+,chr8:97356415:97356600:-@chr8:97355689:97355825:-@chr8:97353054:97353130:-@chr8:97352177:97352339:-,chr9:117968175:117968293:+@chr9:117968738:117968784:+@chr9:117970832:117975071:+,chr9:21192144:21192241:+@chr9:21192556:21192594:+@chr9:21192968:21193197:+,chr9:21936181:21936322:-@chr9:21934967:21935052:-@chr9:21934307:21934573:-,chr9:37040895:37040959:-@chr9:37040638:37040694:-@chr9:37036272:37039241:-,chr9:48301512:48301599:-@chr9:48298949:48299043:-@chr9:48296802:48298093:-,chr9:48303260:48304463:-@chr9:48302388:48302492:-@chr9:48302124:48302286:-,chr9:59519728:59519880:+@chr9:59522836:59523002:+@chr9:59523375:59523540:+@chr9:59525851:59526519:+,chr9:65980334:65980498:+@chr9:65981239:65981288:+@chr9:65984109:65984154:+,chr9:75041580:75041944:+@chr9:75043933:75044007:+@chr9:75045450:75045543:+,chr9:88610326:88611048:-@chr9:88598764:88598974:-@chr9:88581074:88583823:-,chrX:102262098:102262216:-@chrX:102243248:102243349:-@chrX:102235905:102239450:-,chrX:131137231:131137301:+@chrX:131137457:131137501:+@chrX:131139394:131141599:+,chrX:133274344:133275026:-@chrX:133270086:133270161:-@chrX:133267481:133269040:-,chrX:133274344:133275026:-@chrX:133270087:133270161:-@chrX:133267481:133269040:-,chrX:71516199:71516363:+@chrX:71516700:71517057:+@chrX:71517139:71517246:+,chrX:82956390:82956470:-@chrX:82951577:82951663:-@chrX:82947269:82949735:-,chr10:33659964:33660189:-@chr10:33654895:33655063:-@chr10:33649962:33650150:-,chr10:74982059:74982205:+@chr10:74994922:74994975:+@chr10:74998006:75000126:+,chr11:49058695:49059119:+@chr11:49065052:49065176:+@chr11:49074073:49076533:+,chr11:69472068:69472200:-@chr11:69471438:69471558:-@chr11:69471227:69471345:-,chr12:104673632:104673783:+@chr12:104674773:104674892:+@chr12:104677611:104677772:+,chr12:111808906:111808978:+@chr12:111812955:111813071:+@chr12:111818611:111821272:+,chr13:112239141:112239207:-@chr13:112238104:112238163:-@chr13:112230840:112231024:-,chr14:103571784:103571906:-@chr14:103569074:103569229:-@chr14:103554341:103555984:-,chr1:58477927:58478152:-@chr1:58476965:58477055:-@chr1:58476511:58476577:-,chr16:38347125:38349415:+@chr16:38349763:38349817:+@chr16:38352712:38352852:+,chr19:36519478:36519567:+@chr19:36525054:36525113:+@chr19:36530111:36535459:+,chr2:59185981:59186098:+@chr2:59190319:59190392:+@chr2:59192260:59193265:+,chr3:106524599:106525024:+@chr3:106534581:106536060:+@chr3:106537276:106537557:+,chr4:143002328:143002994:+@chr4:143006543:143006855:+@chr4:143007276:143007863:+,chr4:150308396:150308520:+@chr4:150309531:150309665:+@chr4:150318882:150320213:+,chr4:155004295:155004441:+@chr4:155008198:155008334:+@chr4:155012629:155012751:+,chr5:108494692:108494984:+@chr5:108498181:108498542:+@chr5:108509844:108510078:+,chr5:23033715:23033880:-@chr5:23032608:23032633:-@chr5:23030842:23031563:-,chr6:113220516:113220695:+@chr6:113227784:113227939:+@chr6:113230597:113231386:+,chr6:35001062:35001559:-@chr6:34974128:34974340:-@chr6:34972065:34973432:-,chr6:7643109:7643285:-@chr6:7639252:7639523:-@chr6:7635169:7635406:-,chr8:13271590:13271720:-@chr8:13258947:13259043:-@chr8:13255960:13257976:-,chr9:21333207:21333527:+@chr9:21340352:21340441:+@chr9:21343531:21343558:+,chr9:21548366:21548507:+@chr9:21548674:21548829:+@chr9:21550176:21550349:+,chr9:30976293:30976501:-@chr9:30975146:30975313:-@chr9:30972128:30972258:-,chr9:35042816:35043068:-@chr9:35034749:35034976:-@chr9:35031199:35031327:-,chrX:71618530:71618688:-@chrX:71617953:71618021:-@chrX:71614552:71616350:-,chr11:115044939:115044998:-@chr11:115044669:115044748:-@chr11:115044143:115044579:-,chr11:115044939:115044998:-@chr11:115044669:115044763:-@chr11:115044143:115044579:-,chr11:29414917:29415034:-@chr11:29414432:29414522:-@chr11:29409712:29413676:-,chr11:3873200:3873371:+@chr11:3873452:3873541:+@chr11:3875532:3875648:+,chr11:82625902:82626345:-@chr11:82624530:82624613:-@chr11:82623510:82623720:-,chr11:85615287:85615454:+@chr11:85635524:85635614:+@chr11:85638704:85639560:+,chr14:120795673:120795826:+@chr14:120803860:120803954:+@chr14:120828157:120830921:+,chr15:12251188:12251711:+@chr15:12272792:12272906:+@chr15:12279123:12281360:+,chr15:57900874:57900984:-@chr15:57895610:57895735:-@chr15:57883779:57886637:-,chr16:35347685:35347879:-@chr16:35329584:35329699:-@chr16:35318890:35318955:-,chr16:8470855:8470958:+@chr16:8473924:8474059:+@chr16:8478060:8478422:+,chr17:64657963:64659007:-@chr17:64647065:64647250:-@chr17:64642180:64642365:-,chr19:3575641:3575755:-@chr19:3544108:3544255:-@chr19:3526579:3526934:-,chr19:53316994:53317117:+@chr19:53318800:53318895:+@chr19:53319488:53321888:+,chr3:106350611:106350838:+@chr3:106353417:106353593:+@chr3:106355074:106355198:+,chr3:87722991:87723627:+@chr3:87723725:87723750:+@chr3:87725739:87725970:+,chr5:115195438:115195580:-@chr5:115193740:115193889:-@chr5:115188339:115189290:-,chr5:9127957:9128108:-@chr5:9126540:9126749:-@chr5:9124438:9124527:-,chr6:145180615:145180774:-@chr6:145173594:145173717:-@chr6:145165219:145169244:-,chr7:107776918:107776971:+@chr7:107778180:107778285:+@chr7:107778352:107778457:+@chr7:107780256:107780392:+,chr8:67483244:67483508:+@chr8:67488097:67488431:+@chr8:67489438:67489540:+,chr8:74891803:74891885:-@chr8:74869865:74870070:-@chr8:74864557:74865423:-,chr8:74891803:74891885:-@chr8:74882212:74882344:-@chr8:74866527:74870070:-,chr8:86257313:86257465:-@chr8:86254010:86254156:-@chr8:86253281:86253424:-,chr8:86257313:86257465:-@chr8:86255802:86255936:-@chr8:86254010:86254156:-,chr8:86784193:86784365:-@chr8:86783012:86783150:-@chr8:86781666:86782825:-,chr9:57608631:57608847:-@chr9:57606434:57606530:-@chr9:57606091:57606157:-,chr9:69863099:69863217:+@chr9:69863575:69863744:+@chr9:69864626:69866272:+,chrX:39619263:39619452:+@chrX:39619543:39619653:+@chrX:39622558:39622684:+,chr10:79277930:79277986:+@chr10:79279537:79279668:+@chr10:79281786:79283668:+,chr11:120474693:120474903:-@chr11:120474160:120474397:-@chr11:120473315:120473915:-,chr1:136251238:136251418:-@chr1:136249552:136249714:-@chr1:136248932:136249012:-,chr1:145649265:145649363:+@chr1:145650058:145650207:+@chr1:145653814:145654596:+,chr13:14121543:14121673:-@chr13:14119965:14120049:-@chr13:14111505:14112154:-,chr13:36209280:36209874:+@chr13:36240230:36240313:+@chr13:36296378:36297010:+,chr15:43114149:43114345:-@chr15:43112565:43112774:-@chr15:43109854:43109968:-,chr16:32092430:32092571:-@chr16:32087380:32087593:-@chr16:32085323:32085423:-,chr16:85056569:85056771:-@chr16:85043821:85043988:-@chr16:85030477:85030610:-,chr17:35282971:35283298:+@chr17:35283702:35283848:+@chr17:35284086:35284267:+,chr19:55817334:55817687:+@chr19:55829504:55829572:+@chr19:55892254:55892452:+,chr2:131036095:131036417:+@chr2:131036999:131037209:+@chr2:131038183:131039250:+,chr2:59963520:59963867:-@chr2:59914927:59914968:-@chr2:59842606:59844246:-,chr3:151402284:151402455:-@chr3:151401187:151401287:-@chr3:151393886:151395517:-,chr3:60305100:60305345:+@chr3:60332678:60332900:+@chr3:60399516:60402024:+,chr5:124864408:124864536:-@chr5:124863194:124863298:-@chr5:124860079:124860391:-,chr5:90714066:90714168:-@chr5:90711876:90712628:-@chr5:90707268:90707416:-,chr6:149258844:149258899:+@chr6:149266157:149266230:+@chr6:149273927:149278572:+,chr6:149265856:149266230:+@chr6:149273254:149273322:+@chr6:149273927:149278572:+,chr6:50095773:50095891:+@chr6:50101938:50102022:+@chr6:50108681:50108833:+,chr7:123560967:123562095:-@chr7:123549374:123549477:-@chr7:123537715:123537872:-,chr7:148450974:148451438:-@chr7:148450392:148450682:-@chr7:148449558:148449947:-,chr7:148496661:148497356:-@chr7:148487499:148487588:-@chr7:148483070:148483515:-,chr7:26558362:26558512:-@chr7:26558118:26558144:-@chr7:26555652:26555784:-,chr8:42378812:42379170:+@chr8:42389341:42389505:+@chr8:42394874:42395046:+,chr8:42399199:42399335:+@chr8:42401274:42401408:+@chr8:42407208:42407405:+,chrX:47915857:47916131:-@chrX:47913986:47914183:-@chrX:47909415:47911561:-,chr11:109324624:109324862:-@chr11:109321113:109321256:-@chr11:109319791:109319919:-,chr1:133594993:133595208:+@chr1:133602173:133602298:+@chr1:133608197:133612016:+,chr11:70730817:70731284:+@chr11:70732679:70732783:+@chr11:70734354:70734470:+,chr1:187172623:187172714:+@chr1:187173716:187173760:+@chr1:187176061:187176258:+,chr14:31867344:31867441:+@chr14:31869422:31869466:+@chr14:31874655:31874931:+,chr14:70716245:70716431:-@chr14:70715471:70715640:-@chr14:70713408:70713577:-@chr14:70710663:70710782:-,chr16:45408969:45409166:-@chr16:45400335:45400416:-@chr16:45397082:45397408:-,chr17:33766034:33766161:+@chr17:33766567:33766643:+@chr17:33766742:33767024:+,chr18:38460083:38460244:+@chr18:38461310:38461461:+@chr18:38467519:38468294:+,chr2:113962606:113962784:-@chr2:113960388:113960555:-@chr2:113958703:113958872:-,chr2:131064472:131064646:+@chr2:131065188:131065278:+@chr2:131066051:131066228:+,chr2:181428584:181428804:-@chr2:181425938:181426059:-@chr2:181423476:181424481:-,chr2:32219276:32219499:+@chr2:32219739:32219854:+@chr2:32222823:32223052:+,chr2:33320434:33321026:-@chr2:33317786:33317877:-@chr2:33305807:33310643:-,chr5:124193647:124193687:-@chr5:124192788:124192865:-@chr5:124190681:124190871:-,chr7:31204723:31204873:-@chr7:31203638:31203661:-@chr7:31203107:31203238:-,chr7:97326010:97326113:+@chr7:97330729:97330878:+@chr7:97337660:97337767:+,chr9:106587278:106587326:-@chr9:106584199:106584494:-@chr9:106575848:106576069:-,chr10:128138399:128138500:-@chr10:128137032:128137175:-@chr10:128136528:128136731:-,chr11:103256002:103256628:-@chr11:103248272:103248662:-@chr11:103241348:103241666:-,chr11:116702383:116702669:-@chr11:116701762:116701859:-@chr11:116700283:116700442:-,chr12:66156143:66156307:+@chr12:66156421:66156520:+@chr12:66156625:66156751:+,chr13:101533505:101533556:-@chr13:101531716:101531879:-@chr13:101529636:101530149:-,chr13:120251563:120251926:+@chr13:120254818:120255111:+@chr13:120255674:120255763:+,chr13:120251563:120251926:+@chr13:120254881:120255111:+@chr13:120255674:120255763:+,chr14:8734398:8734515:+@chr14:8736976:8737238:+@chr14:8737892:8738489:+,chr15:63951520:63951748:-@chr15:63942468:63942638:-@chr15:63933965:63934034:-,chr16:20608815:20608962:-@chr16:20608559:20608719:-@chr16:20607837:20607957:-,chr16:97677829:97677966:-@chr16:97677096:97677250:-@chr16:97676697:97676835:-,chr18:74434997:74435071:+@chr18:74435558:74435725:+@chr18:74436061:74436369:+,chr2:131347247:131347955:+@chr2:131349980:131350069:+@chr2:131350479:131351659:+,chr2:149945561:149945687:-@chr2:149945301:149945364:-@chr2:149940142:149943936:-,chr2:165137123:165137304:-@chr2:165135675:165135774:-@chr2:165134409:165134564:-,chr2:84567320:84567462:-@chr2:84565686:84566313:-@chr2:84563163:84564374:-,chr3:103612823:103613368:-@chr3:103611995:103612160:-@chr3:103607839:103611499:-,chr3:10420740:10420876:-@chr3:10420197:10420316:-@chr3:10417817:10419223:-,chr3:33963025:33963241:+@chr3:33967083:33967174:+@chr3:33967839:33974920:+,chr4:57867031:57869909:+@chr4:57895896:57896074:+@chr4:57905741:57911400:+,chr5:109014360:109014553:-@chr5:109013251:109013397:-@chr5:109011689:109012168:-,chr6:115560537:115560718:+@chr6:115561653:115561957:+@chr6:115563345:115563559:+,chr6:131243090:131243264:-@chr6:131239407:131239465:-@chr6:131238054:131238164:-,chr6:146499161:146499296:-@chr6:146498609:146498686:-@chr6:146498154:146498507:-,chr13:76862929:76863040:+@chr13:76871032:76871070:+@chr13:76880555:76880614:+@chr13:76896247:76896417:+,chr14:57430429:57430729:-@chr14:57429577:57429696:-@chr14:57423188:57423700:-,chr14:60847546:60847747:-@chr14:60842154:60842252:-@chr14:60836913:60840515:-,chr16:4932200:4932298:+@chr16:4934195:4934239:+@chr16:4936896:4939293:+,chr16:87699170:87699301:+@chr16:87715576:87715869:+@chr16:87719052:87720395:+,chr17:8365793:8365873:+@chr17:8368384:8368443:+@chr17:8375093:8375319:+,chr19:60296957:60297207:-@chr19:60296393:60296480:-@chr19:60296233:60296263:-,chr6:17498686:17498839:+@chr6:17499032:17499172:+@chr6:17503239:17503469:+,chr6:48790995:48791374:-@chr6:48790360:48790447:-@chr6:48788171:48788364:-,chr6:48790995:48791374:-@chr6:48790360:48790452:-@chr6:48788171:48788364:-,chrX:11633470:11636368:-@chrX:11632765:11632818:-@chrX:11632095:11632281:-,chr13:3567998:3568103:-@chr13:3566682:3566863:-@chr13:3565596:3566278:-,chr14:27237599:27237733:-@chr14:27235689:27235778:-@chr14:27232654:27234474:-,chr15:82944730:82944869:+@chr15:82945997:82946093:+@chr15:82946687:82947401:+,chr17:35565212:35565327:+@chr17:35565505:35565537:+@chr17:35565945:35567000:+,chr2:165617405:165617471:-@chr2:165612664:165612743:-@chr2:165609652:165611238:-,chr2:165617405:165617471:-@chr2:165612664:165612747:-@chr2:165609652:165611238:-,chr2:172252136:172253425:+@chr2:172255142:172255219:+@chr2:172257733:172259257:+,chr2:59800078:59800687:-@chr2:59797878:59798162:-@chr2:59796489:59796549:-,chr3:115590694:115591022:-@chr3:115589132:115589298:-@chr3:115584498:115584756:-,chr3:30849798:30849953:-@chr3:30847624:30847722:-@chr3:30841331:30841574:-,chr5:122261394:122261621:+@chr5:122263394:122263562:+@chr5:122264347:122264960:+,chr5:130284898:130285320:-@chr5:130282706:130282817:-@chr5:130277296:130277508:-,chr5:30574946:30575066:+@chr5:30579256:30579330:+@chr5:30582624:30582886:+,chr7:29786920:29787009:+@chr7:29787367:29787422:+@chr7:29788116:29788298:+,chrX:103124439:103124736:-@chrX:103106809:103106993:-@chrX:103095220:103095332:-,chr11:59585119:59585204:+@chr11:59585654:59585719:+@chr11:59589018:59595260:+,chr11:70049526:70049713:-@chr11:70049198:70049302:-@chr11:70048708:70048970:-,chr15:89414341:89414974:-@chr15:89414030:89414113:-@chr15:89412958:89413861:-,chr16:49867878:49868225:+@chr16:49869131:49869193:+@chr16:49884278:49884367:+,chr17:26819623:26819670:+@chr17:26831424:26831526:+@chr17:26832300:26834993:+,chr18:60988019:60988213:-@chr18:60986994:60987101:-@chr18:60982458:60982644:-,chr2:155929085:155929165:-@chr2:155922154:155924108:-@chr2:155904837:155905200:-,chr5:145994310:145994471:+@chr5:145996175:145996260:+@chr5:145996606:145996732:+,chr6:112594582:112594741:-@chr6:112578456:112578518:-@chr6:112569025:112570898:-,chr6:146538416:146538558:+@chr6:146541156:146541269:+@chr6:146543698:146543811:+,chr9:14609800:14609971:+@chr9:14614248:14614328:+@chr9:14616274:14616400:+,chr11:96664042:96664136:+@chr11:96667930:96668078:+@chr11:96669498:96669957:+,chr7:105743262:105743822:-@chr7:105741841:105742176:-@chr7:105736902:105739394:-,chr7:105743262:105743822:-@chr7:105741841:105742320:-@chr7:105736902:105739394:-,chr14:56518021:56518142:-@chr14:56517080:56517314:-@chr14:56516113:56516849:-,chr16:36885074:36885274:+@chr16:36886217:36886314:+@chr16:36887325:36887489:+,chr2:71687438:71687563:+@chr2:71691591:71691720:+@chr2:71693911:71696539:+,chr5:22984671:22984801:+@chr5:22987027:22987144:+@chr5:22988220:22988329:+,chr9:114264941:114265110:-@chr9:114258848:114259052:-@chr9:114250229:114250551:-,chr1:88656863:88656964:+@chr1:88709087:88709164:+@chr1:88717797:88718025:+,chr19:35044410:35044607:+@chr19:35046887:35046988:+@chr19:35047349:35047499:+,chr2:181117192:181117408:+@chr2:181117504:181117865:+@chr2:181117963:181118333:+,chr8:126022488:126022598:+@chr8:126023892:126024007:+@chr8:126025133:126025333:+,chr14:51455667:51455879:-@chr14:51453589:51453752:-@chr14:51453129:51453242:-,chr17:29497858:29498102:+@chr17:29500656:29500887:+@chr17:29501856:29502226:+,chr2:94198908:94199094:-@chr2:94182784:94182954:-@chr2:94172950:94173209:-,chr9:21314438:21314697:-@chr9:21313375:21313558:-@chr9:21311823:21312835:-,chr9:21314438:21314697:-@chr9:21313375:21313795:-@chr9:21311823:21312835:-,chr10:79545360:79545471:-@chr10:79542698:79544127:-@chr10:79533365:79535263:-,chr17:5975579:5975881:+@chr17:5985972:5986242:+@chr17:5990136:5990361:+,chr2:29997782:29997941:+@chr2:30002172:30002382:+@chr2:30002882:30003045:+,chr7:119221306:119221473:+@chr7:119223686:119223745:+@chr7:119225944:119226075:+
gene,Os9,Vta1,Bclaf1,Bclaf1,P4ha1,Bsg,Ptbp1,Igf1,Elk3,Nbr1,Gm885,Gaa,Csnk1d,R3hdm1,Sfi1,Irgm1,Clk4,Clk4,Hnrnpab,Tor1aip2,Ogdh,Ppia,Mis12,Atp2a3,Atp2a3,Slamf7,Ift20,Zfp207,Ap2b1,Spag9,Myst2,Vrk1,Acp1,1110057K04Rik,Pum2,1700020O03Rik,Erbb2ip,Zfp322a,Sema4d,4833439L19Rik,H2afy,Etohd2,Vcan,Zcchc9,Gm17066,3830406C13Rik,Zmiz1,Hnrnpc,Hnrnpc,Trps1,Cyth4,Pacsin2,Ap2m1,Eif4a2,Eif4a2,Ccdc50,Atp13a3,Parp9,Glyr1,App,Itfg3,Itfg3,Kctd20,H2-K1,Mrps18b,Synj2,Brd8,Brd8,Atp9b,Ptma,Cybasc3,Rbm4,Dnajc4,Dnajc4,nan,Nusap1,Zfp106,Dtwd1,Nop56,Nsfl1c,Rbm39,Samhd1,Neurl2,Cse1l,Tpd52l2,Abi1,Abi1,Abi1,Brd3,1700026L06Rik,Prrc2b,Gm13476,Frmd4a,Nmi,Ambra1,Csde1,Gbp5,Gbp3,Rabggtb,Lrrc40,Pxmp3,P2ry14,Ccnl1,Smc4,Ppid,Uqcrh,Ythdf2,Dnajc8,Ubap1,Sigmar1,Mcart1,Hnrnpd,Hnrnpd,Gbp8,Pitpnb,Oas1g,Phtf2,Preb,Ociad1,Clec4n,Gpr85,Ldhb,Calu,Luc7l2,Zyx,Osbpl3,Hnrnpa2b1,Hnrnpa2b1,Immt,Immt,Immt,Capg,1810020D17Rik,Zfp688,Ate1,Lhpp,Nap1l4,Ppfia1,Zfp260,Lsm14a,Mcee,Mfge8,Prc1,Tmem208,Tfdp1,2610005L07Rik,Rab11fip1,Ddx60,Haus8,Hmgxb4,Syce2,Cyld,Ciapin1,Cmc1,Ilf3,Acp5,Slc37a2,Rbm7,Rbm7,Pkm2,Fam96a,Myo5a,Gm2382,5530601H04Rik,Hnrnph2,Morf4l2,Morf4l2,Rpl10,Gyk,Zufsp,Snrpd3,Mgat1,Mpdu1,Ifi27l1,Ppp2r5c,Gpbp1,Mycbp2,Clk1,Cox17,Pcgf5,Pkp4,4933421E11Rik,Pramef8,Tnfrsf9,Cdk11b,Mtf2,Srpk2,Mtmr14,Cnot4,Asns,Dcun1d2,AB124611,Ldlr,Aplp2,Fam118b,Slc10a3,Nat9,Nat9,Prorsd1,Pes1,Rffl,Bcas3,Mbnl2,Golph3,Zhx1,Sec22a,Mettl22,Pja2,Ppp6r3,Add3,Cept1,Mrpl24,Git2,Dmtf1,Kras,Rab6a,Tmem192,Eps15l1,Eps15l1,Cd97,Cd97,Ccdc130,Clk3,Gtf2a2,Stag2,Palm,Pcyt2,Tmem183a,Uchl5,Tbce,Fars2,Eif3e,Pigx,App,Bag6,Tcf7l2,2310035K24Rik,Baz2b,Ifi44,Mbnl1,Sbno1,Ankrd17,2810474O19Rik,2810474O19Rik,Mpp6,Pik3c2a,Irf7,Deaf1,Axl,Pcm1,Pcm1,nan,Slc16a6,5430435G22Rik,Rabep1,Bpnt1,Pbrm1,Slc39a14,Cd200,Zfp414,Rnf14,Aqr,Mavs,Rgs19,Ciz1,Zbtb43,Rsrc2,Hcst,Picalm,Tex264,Cdk2,Plekhm1,Jmjd6,Prpf39,Cenph,4833420G17Rik,4833420G17Rik,Flnb,Asap1,Alg3,Mx1,Mbd1,Smox,Zfp120,Elmo2,Clp1,Gm15471,Snx16,Fxr1,Akap2,Gak,Mkrn2,Magohb,4933424B01Rik,Mctp1,Zmym5,Nupl1,Nudt16l1,Bach1,Fgfr1op,D19Ertd737e,Met,Tmem176b,Tmem176b,Bcor,BC016423,Slmap,Rrp7a,H2-Q6,Zmynd8,Zmynd8,Cass4,Baz2b,A930005H10Rik,Phc3,Atxn2,Psph,Ept1,Map4k1,Atrx,Mprip,0610010K14Rik,Rabl2,Cd47,Atp6v0e,Tcof1,Cpne1,Zfp655,Rad18,Fgfr1op2,Mre11a,Cbx1,2210018M11Rik,2210018M11Rik,Sdr39u1,Golgb1,Itga6,Mll5,4930525D18Rik,Dis3l2,Kif20b,Lime1,Afg3l1,Tep1,Fgd2,Ttc17,Tmed1,Tmed1,Sbno2,Synj2,Tbc1d13,Usp47
,,,,,,,,,,,,,,,,,,,,,,,,,,,,,,,,,,,,,,,,,,,,,,,,,,,,,,,,,,,,,,,,,,,,,,,,,,,,,,,,,,,,,,,,,,,,,,,,,,,,,,,,,,,,,,,,,,,,,,,,,,,,,,,,,,,,,,,,,,,,,,,,,,,,,,,,,,,,,,,,,,,,,,,,,,,,,,,,,,,,,,,,,,,,,,,,,,,,,,,,,,,,,,,,,,,,,,,,,,,,,,,,,,,,,,,,,,,,,,,,,,,,,,,,,,,,,,,,,,,,,,,,,,,,,,,,,,,,,,,,,,,,,,,,,,,,,,,,,,,,,,,,,,,,,,,,,,,,,,,,,,,,,,,,,,,,,,,,,,,,,,,,,,,,,,,,
S1,0.84,0.95,,0.02,0.42,,0.57,0.31,0.93,0.57,0.61,0.74,0.59,0.98,,,0.02,,,,0.78,,0.72,0.93,0.6,,0.1,0.0,,0.92,,0.08,,0.63,0.06,,0.05,,0.73,0.86,,,,,0.11,0.02,,0.93,0.87,,,0.85,,0.97,0.75,,,,0.51,,0.13,0.1,0.85,0.84,0.78,0.88,0.83,,0.94,0.75,0.04,,0.58,0.82,0.43,0.94,0.63,0.99,0.84,0.26,,,,0.86,0.78,0.29,0.4,0.51,,0.77,,0.44,0.87,0.02,,0.28,,,,0.28,0.98,0.1,,0.9,0.51,,,,0.62,0.82,0.74,0.94,0.95,0.91,0.97,0.51,0.79,,0.3,0.65,0.85,0.93,0.03,0.06,0.32,0.57,0.08,0.51,,,0.87,,0.93,0.89,0.95,0.95,0.04,0.88,0.92,,,0.04,,0.83,,,0.97,0.73,0.94,0.98,0.98,,0.75,,0.59,0.59,0.1,0.76,0.94,0.23,0.88,0.85,0.01,0.92,0.34,0.82,0.76,0.88,0.88,,,,,,,,,,,,,,,,,,,,,,,,,,,,,,,,,,,,,,,,,,,,,,,,,,,,,,,,,,,,,,,,,,,,,,,,,,,,,,,,,,,,,,,,,,,,,,,,,,,,,,,,,,,,,,,,,,,,,,,,,,,,,,,,,,,,,,,,,,,,,,,,,,,,,,,,,,,,,,,,,,,,,,,,,,,,,,,,,,,,,,,
S2,,,0.04,0.98,,,,,,,,,,,,,,,,0.21,,0.13,,,,,,,,,,0.77,0.91,,,,,,0.94,,,,,,,,,0.0,0.56,,0.95,0.96,0.26,,,,,,,,,,,,0.87,,,,,,,,,,,,0.62,,0.8,,,,,,0.02,0.1,0.03,0.4,,,,0.08,,,,0.69,,,,0.93,0.01,0.37,,,,,,,,,,,,,0.99,0.99,,,,0.67,0.94,,0.99,,,,0.53,0.85,,,,0.56,,,,,0.03,,,,,,,,,,0.94,0.94,0.98,,,,0.87,,,,,,,0.64,,,0.87,,0.34,0.6,0.54,0.77,,0.02,0.74,,,0.84,,0.56,,0.01,0.91,,,0.0,,,0.88,0.81,0.96,,,0.98,0.83,0.96,0.77,0.91,0.0,0.02,,,,,,,,,,,,,,,,,,,,,,,,,,,,,,,,,,,,,,,,,,,,,,,,,,,,,,,,,,,,,,,,,,,,,,,,,,,,,,,,,,,,,,,,,,,,,,,,,,,,,,,,,,,,,,,,,,,,,,,,,,,,,,,,,,,,,,,,,,,,,,,,,,,,,,,,,,,,
S3,,,0.02,0.55,,,,0.2,,,0.99,,,,,0.19,0.03,0.01,,0.95,,0.29,,0.83,,0.93,,0.01,,,,,0.35,0.91,,,,,0.81,,,,0.04,,,,,0.32,0.81,,0.8,,,,,,,,0.63,,0.31,0.01,,0.98,0.6,,,,,,,,0.91,0.9,0.39,,,,,0.05,,,0.57,,0.93,0.67,0.74,0.14,,,,0.89,,,,,,,,,0.98,0.67,,,,0.65,,,,,,0.02,0.96,,1.0,0.98,,,,0.58,,1.0,0.02,0.99,,,0.01,,,,,0.44,,,,,,,,,,,,0.95,,,,,0.96,,,,0.83,,0.04,0.2,,0.4,,0.96,0.9,,,,0.94,0.73,0.7,0.44,0.05,,,,,0.93,,,,0.01,,,,,,,,,,,,,,0.93,,0.87,,0.69,0.93,0.95,0.81,0.94,0.99,0.03,,0.96,,0.96,0.95,0.95,0.9,,,,,,,0.12,0.96,0.85,0.9,,,0.6,0.98,,0.97,,,,,,,,,,,,,,,,,,,,,,,,,,,,,,,,,,,,,,,,,,,,,,,,,,,,,,,,,,,,,,,,,,,,,,,,,,,,,,,,,,,,,,,,,,,,,,,,,,,,,,,,,,,,,,,,,,,,,,,,,,,,,,,
S4,,0.84,,,,,,0.95,,0.04,0.98,0.68,,0.98,,0.59,,,,,0.09,0.08,,,,0.93,,,,0.86,0.97,,,,,,,,0.72,,,,0.89,0.98,,0.02,,0.0,0.74,,0.87,,0.7,,,0.78,,0.17,,0.04,,,,,,,,,,,0.98,0.56,,,,,,,0.56,,,,,,0.81,,,,,,,,,,,0.68,,,,,,0.98,,,0.02,0.82,,,,,,,,,,0.56,,,,0.89,,,,,,,0.58,,,,,0.74,,,,,0.88,,,,,0.65,,0.9,,0.97,,0.9,0.96,0.46,,,0.87,,0.95,,,0.66,0.95,0.86,0.78,0.75,,,0.99,0.6,0.62,0.71,,,,,0.62,,,0.04,0.99,,,,,0.0,,,,,,,,,,0.44,0.79,,,,,,,0.93,,,,,,,,0.02,,,,,,0.61,,,,,,,,,0.56,,,0.09,,0.84,0.98,0.07,0.02,,0.73,0.86,0.01,0.94,,,0.98,0.77,0.04,0.0,,,0.04,0.93,0.02,,,0.85,0.73,0.92,,,,,,,,,,,,,,,,,,,,,,,,,,,,,,,,,,,,,,,,,,,,,,,,,,,,,,,,,,,,,,,,,,,,,,,,,,,,,,,,,,,,,,,,,,,,,,,,,,,,
S5,,0.95,,,0.94,,,0.73,,,0.98,,,,,,,0.0,,,0.01,0.29,0.97,,,0.53,,0.0,0.95,,,,,,0.86,,,,0.94,,,,,,,0.01,,,1.0,,0.99,,0.71,,,,,,,,0.03,0.02,,,,,0.97,0.99,,,0.93,,0.85,0.91,,,,0.99,0.84,,,,,0.85,,0.35,0.33,0.19,,0.94,,,,0.99,,0.32,0.0,,,,,0.36,,,,0.8,,0.79,,0.7,,0.04,,,,1.0,,,0.66,0.62,,0.99,0.99,,,0.84,0.46,,,,,0.36,,,,,0.07,,,,,,0.79,0.92,0.04,0.97,0.0,,,,,,0.91,,0.93,0.01,,0.5,0.87,0.49,0.78,0.96,,,0.38,0.43,0.42,,,0.99,,,0.67,,,,,,,,,,1.0,,,,,,0.92,,,0.92,0.96,,,,0.82,0.98,,0.8,0.98,0.07,,,0.06,,,,,,0.86,,,,,,,,,,,,,,,,,,0.01,,,,,,,0.93,,0.89,,,,,,,,,,,0.72,,,,0.96,0.0,,0.02,0.01,0.02,0.03,0.96,0.97,0.92,0.03,,0.85,,0.71,0.85,0.73,0.72,,,,,,,,,,,,,,,,,,,,,,,,,,,,,,,,,,,,,,,,,,,,,,,,,,,,,,,,,,,,,,,,,,,,,,,,,,,,,,,,,,
S6,0.01,0.91,0.14,,,,,0.61,,,0.01,,0.06,0.1,,,0.3,0.95,0.03,0.01,0.1,0.19,,,,0.9,0.91,0.01,,,,,0.59,0.65,,0.91,0.03,,,,0.11,0.92,0.6,0.98,,,,0.62,0.81,0.09,0.98,,0.8,,,,0.84,0.24,0.86,,0.95,0.72,,0.48,0.95,,0.89,,,,,,,,,,,,0.7,0.88,0.64,,0.94,0.71,,0.96,0.89,0.12,,,,0.16,,0.99,,0.53,0.0,,,0.92,,0.61,,,,0.7,,0.79,,,,,,,,,,,0.99,0.63,0.22,0.98,0.42,0.5,,0.7,0.72,,,,,,,,,0.95,,0.92,,,,,,0.82,,0.96,0.98,,0.95,0.57,,0.79,0.35,0.54,0.32,0.38,,0.49,0.81,0.79,0.66,0.7,0.01,,,0.79,0.68,0.59,0.68,,,,,0.79,,0.23,,0.96,,,,0.97,,,0.96,,0.84,,0.97,,,0.87,,,0.01,0.96,0.56,0.58,,,,,,0.9,,,,0.94,,,,,,,,,,,,0.39,,,0.99,,0.4,,,,,0.06,,,,0.89,,0.83,,,0.93,,,0.86,0.08,0.08,,,,,,,,,,,0.95,0.02,,,0.78,,,,,,,,,0.93,0.33,,0.01,,0.87,,0.63,0.92,0.7,,0.79,0.52,0.72,0.03,0.02,0.98,0.89,0.99,0.98,0.99,0.01,0.98,0.97,0.93,0.79,0.97,,,,,,,,,,,,,,,,,,,,,,,,,,,,,,,,,,,,,,,,,,,,,,,,,,,,,,,,,,
S7,,0.87,,,,0.62,,0.85,0.73,0.55,,,0.05,,0.01,0.33,,,,0.3,0.1,0.06,,,,0.72,,0.0,,,,,0.04,0.56,,,,0.03,0.56,,,,,,,0.99,,1.0,0.98,0.98,0.98,,0.55,,,0.57,,0.11,0.65,,0.06,0.02,,0.82,0.81,,,,,,,1.0,,,,,,,,,0.79,0.01,,,,0.41,0.27,0.59,,,,0.1,,,,0.46,0.0,,,,,,,,,0.87,,,,0.84,,,,,,0.98,,,,0.72,,0.02,0.99,,,0.39,0.09,,,,0.06,,0.99,,,,0.07,,,,,,,0.94,,0.92,0.99,0.92,0.96,0.89,,,,,,0.09,,0.63,,0.06,,,,,0.99,,,,0.04,,0.98,,0.53,0.74,,,,,,,,,,,0.79,,,,,,,,,,,0.04,,,,0.91,,,0.05,,,,,,0.99,,,0.03,,,,,,,,0.08,0.76,,,,0.64,,,,,,,,,,,,,,,,,,,,,0.99,0.02,,,,,,,0.1,,,,,,,,,,0.95,,0.02,0.81,0.95,0.47,0.98,,,,,,,,,0.97,,0.96,,0.79,,,,,,,,,,,,0.98,0.02,,,0.98,0.01,0.9,,0.7,0.75,,,,,,,,,,,,,,,,,,,,,,,,,,,,,,,,,,,,,,,,,,,,,,,,
S8,,0.86,0.02,0.98,0.03,,,0.89,0.82,0.83,0.98,,0.91,,,1.0,0.03,0.91,0.98,0.69,0.96,0.12,,,,0.36,,0.95,,,,,0.94,,,,,,0.93,,,0.03,,0.99,,,0.96,,0.97,,0.98,0.0,0.31,0.99,0.93,,,,,,,,,,0.89,,,,,0.88,0.98,,,,,,,,0.95,0.11,,,,0.81,0.87,0.72,0.76,0.55,,0.93,,0.09,,,,0.21,0.01,,,,,,,0.58,,,,0.93,,,,,,,,0.27,,,0.76,0.58,,,,,,,0.16,,0.96,0.88,0.96,0.26,,,,,,,,,,0.73,,,,,,0.84,0.89,,,,0.66,,,,0.04,0.31,0.98,0.12,,,0.53,,0.92,0.67,0.71,,0.99,,,,,,0.58,0.8,,0.04,,,0.99,0.99,,,,,,,,0.98,,0.87,0.89,,,,0.83,0.96,,0.88,,,,,,,0.85,,,,,,,0.74,1.0,,,,,,,,0.96,0.98,0.64,,0.92,,0.08,0.98,,0.01,,0.96,,,,0.86,,,,,,,,,0.94,,,,,,0.98,,,,,0.01,,,,,0.05,,,,,,,,,0.8,,,,,,,,,,,0.04,,,,,,,,,,,,0.02,,0.01,,,0.63,,,,,,,,,,0.03,0.03,0.99,0.81,0.61,0.96,0.85,0.02,0.94,0.04,0.04,,,,,,,,,,,,,,,,,,,,,,,,,,,,,,,,
S9,,,,,0.97,,0.97,,0.9,,,,0.94,,,,,0.91,,0.91,0.03,0.53,,0.01,0.01,0.02,,0.0,,,,0.37,0.14,0.89,,,,,0.64,,,,0.99,,,0.01,,0.0,0.67,0.83,0.99,0.95,0.44,,,,,,,,,,,,,,0.98,0.99,,0.62,0.98,1.0,,,,,,,0.78,,,,,0.87,0.87,0.9,0.9,0.65,0.03,0.93,,0.07,,0.99,,,0.13,,,0.93,,,,,,0.73,,,,,,,,,0.61,0.29,,,,0.05,,,,,,,0.31,0.27,,,,,,,,,0.07,0.52,0.94,,,0.9,,0.74,,,0.75,,,,,,0.82,,,0.08,0.02,,,0.0,0.84,,0.96,,0.29,0.31,0.31,,0.68,,,,,,,0.7,,,,,,,,,,,,,0.28,,,0.88,0.93,,,,,,,0.96,,,,0.91,,,,,,,,,,,,,,0.02,,0.01,,,,,,,,,0.98,,,,0.93,0.88,,,,,,,,,,,,,0.84,,0.91,,,,,0.99,,0.56,,,,,0.73,,,,,,,,,,,,,0.96,,,,,0.83,,,0.63,,,,,0.98,,,,,,,,,,,,,0.02,,,0.2,0.15,0.95,,,0.98,,,,,,,,,,,,,,0.01,0.99,0.97,0.81,0.92,,0.02,0.01,0.79,0.93,,,,,,,,,,,,,,,,,,,,,
S10,,,,,,,0.06,0.98,,,0.99,,0.97,,,0.01,0.99,0.01,,,,0.15,,,0.9,0.98,0.97,,,,0.95,0.1,0.74,0.88,,,,,0.93,,,,,0.45,,,,0.0,0.8,,0.94,,0.85,,,,,0.0,0.75,0.05,,,0.88,0.99,,,,0.98,,,0.95,0.0,,,,,,,,,,,0.05,,0.9,,,,,,,,,,,0.35,0.0,0.7,0.11,,,0.64,,,0.01,,,,0.57,,,,,,0.97,,,0.9,,0.39,,,0.01,,,,0.08,,,,,,,,,0.99,0.02,,,,0.99,,,,,,0.98,,0.84,,,,0.88,,,0.04,,0.85,0.96,0.01,0.71,0.88,0.01,,0.01,0.78,0.76,,,,0.96,,0.41,0.73,,0.02,,,0.61,,,,,,,,,,,,,,,,,,0.13,0.1,,,,,,,,,,,,,,0.93,0.97,,,,,,,0.93,0.33,,0.96,,0.89,,,,,0.98,0.01,,,0.98,,,0.0,0.99,,,,,,,,0.02,,0.36,,,,,,,,,0.01,,0.0,,,,,,,,,,,0.75,,0.88,,,,,,,,,,,,,,0.96,,,,,,,,,1.0,,,,,0.02,0.69,,,,0.03,,,,,,,,0.67,,0.01,,0.01,,,,0.02,,,,,,,,,,,0.99,,,,,,,,,,,,,,,,,,,,
S11,0.03,0.93,,,,,,,0.97,,0.92,,,,,0.01,,,,,0.01,0.25,,0.99,,0.48,,,,,,0.27,,,,,,,0.92,,,,,,,0.02,,,,0.04,0.9,,0.16,,,,,,,,0.02,0.03,,,,,0.75,0.54,,,,,,,,,,1.0,0.79,,,0.94,,,,0.83,0.83,,,,,0.05,,0.02,,,,,,,,0.95,,,0.01,0.77,,0.9,,,,,,,0.97,0.48,,,,0.64,,,,,,,0.02,,,,,,,,,,0.47,0.97,,,,,,,,0.56,,,0.98,,,,0.74,,0.03,,,0.45,,0.87,0.76,,0.01,,0.01,0.69,0.68,,,,0.99,,,0.56,,0.06,,0.96,,,,0.59,,,,,,0.0,,,,0.72,,,0.99,,,,,0.96,,,,,,0.93,,,,,,0.88,,,,,,,,,,,,,,,,,,,,,,,,,,,,,,,,,,0.94,,,,,,,,,,0.02,,,,,0.99,,,,,,,,,,,,,,,,,,,,,0.0,,,,,,,,,,,,,0.43,,,,,,,,,,,,,,,,,,,,,,,0.94,,,,,,,,,,,,,,,0.99,0.99,,,,,,,,,,,,,,,,,,
S13,,,,,,,,,,,,,,,,,,,,0.98,,,,,,,,0.0,,0.89,,,,,,,,,,,,,,,,,,0.97,0.95,0.02,,,,,,,,,,,,,,,,,,,,,,0.99,,,,,,,,0.16,,,,,,,,,,,,,,0.95,,,,,,,,,,,,0.93,,,,,,,,,,,,,0.45,,,,,,,,0.09,,,,,0.96,,,0.97,,0.02,,0.6,,,,,,,,,,,,,,,,,,,,,,,,,,,,,,,0.99,,,,,,,,0.01,,0.99,,,,0.16,,,,,,,,,,,,,,,,,,,,0.96,0.01,,,,,0.04,,0.02,,,,,,,,,,,,,,,,,,,,,,,,,,,,,,0.43,,,,,,,,,,,,,,,,,0.97,,,,,,,,,,,,,,,0.02,,,,,0.67,,0.95,,,,,0.96,,,,,,,,,,,,0.03,,,,,,,,,,,,,,,,,,,,,,0.36,,,,,0.0,,0.99,0.02,,,,,,,0.12,0.98,,,,,,,,,,,,,,,,
S14,,,,,,,,,,0.88,,,0.03,1.0,0.13,,0.02,0.97,,0.16,0.98,0.06,,,,0.99,,0.4,,,,,0.93,,0.77,,,,,,,,,,,0.01,0.99,0.45,0.15,0.65,,,0.84,0.01,0.0,0.43,,0.03,,0.63,,,,0.33,,,0.68,0.06,,,,,,,,,,,,,,0.97,,,0.98,0.93,0.89,0.94,,,,,,,,0.53,,,,,,,,,0.99,0.77,,,,,,,,,,,,,,,,,,,0.56,,,,,,,,,,,,,0.92,,,,,,0.95,,,0.88,,0.97,,,,,,,,,,,0.14,,,,,,,,,,,,,,,,,,,0.14,,,1.0,,0.32,,,,,,,,,0.87,,,,0.79,0.91,,,,,,,,,,,0.92,,,0.88,0.97,,,,,,,0.86,0.04,,,,,,0.58,,,,,,,0.96,,0.97,,,,,,,0.99,0.01,,,,,,,,,,,,,,,,0.97,,,,0.9,,,0.02,,,,,,,,,,,,0.87,,0.74,0.0,,,,,,,,,,,,,,,,,,,,,0.94,1.0,,0.99,,,,,,,0.95,,,,,,,0.82,,,,,,,,,,,,,,,,,0.99,0.93,0.82,,,,,,,,,,,,,
S15,0.02,0.96,0.01,0.06,,,,0.44,,,0.99,,0.88,,,0.98,0.04,0.85,,0.1,0.0,0.23,,0.04,0.02,,,0.46,,,,0.42,0.46,,,,,,0.96,,,,,,0.8,,,0.01,0.84,,0.89,,0.49,,,,,0.2,,,,,0.83,,0.85,,,,,,0.98,0.92,,,,0.92,,,0.87,0.1,,,0.18,0.94,,,,,,,,0.71,,0.97,,0.34,0.0,,,,,0.39,,0.9,0.04,,0.0,,,,,,,,,1.0,,,0.88,0.66,,,0.99,,,0.75,0.67,,,,0.94,,,,,,0.08,,,,,,0.04,,0.03,,0.98,0.96,0.92,,,,0.78,,,,,0.5,0.57,0.89,0.7,0.94,0.09,,0.95,0.64,0.7,0.79,,,,,0.56,,,0.08,0.98,0.4,,,0.09,0.56,,,0.87,,0.96,,0.95,,,0.9,,,0.0,,,,,0.92,,,,,,0.97,,,,0.99,,,,0.51,,,,,,,,,0.95,,,,,,0.03,0.98,,,,,,,0.01,,0.01,,,,,,,,0.95,,0.88,,,,,,,,0.02,,,,,,,,,,,,,,,0.87,,,0.83,,,0.89,,,,,,,,,,,,,,0.0,,,0.71,,,,,0.02,,0.89,,,,,,,,,,,0.67,,,,,,,0.93,,,,,,,,,,,,,,,,,,,,0.05,0.9,0.98,0.91,,,,,,,,,
S16,,,,,,,,,,,0.97,,,,,0.99,,,0.76,0.59,,0.23,,,,0.88,,,,,,,,,,,,,0.84,0.93,0.98,,0.09,,,0.03,,0.22,0.77,,0.92,,,,,,,0.07,,,,,,,0.94,,0.99,0.99,,0.98,1.0,,,,,,,,0.84,,,,,,0.03,0.41,0.59,0.62,,,0.98,0.68,,,,0.42,0.0,0.81,,,0.99,0.29,,,,,,0.95,,,,,,,,0.03,,,,0.72,,,,,,,0.01,0.14,,,,0.85,,,,,,,,,,0.0,,,,,0.99,0.97,,,,,0.8,,,,,0.65,0.02,0.35,0.87,,0.71,,0.43,,,0.71,,,,,,,,0.04,,,0.08,,0.16,0.99,,,,,,,,,,,0.94,,,0.04,,,,,,0.93,,,,,,0.99,,,,,,0.01,,,,,,0.8,0.99,,,,0.95,,,,,,,,,,,,,0.89,,,,,0.99,0.02,,,0.61,,0.9,,,,,,,,,,,,0.16,,,,,,,,,,,,,,,,,0.99,,,0.6,,,,,,,,,,0.99,,0.81,,,,,,,,,,0.12,0.06,,,,,,,,,0.68,,,,,,,,,,,,,,,0.97,,,0.93,,,,,,,,,,,,,0.27,0.99,0.99,0.98,0.98,,,,
S17,0.01,,,,,,,,,,,,,,0.16,0.38,,,,,0.06,0.1,0.86,,,0.63,0.95,0.01,0.96,,,0.01,,,,,,,,,,,0.99,,,0.02,0.99,0.58,0.69,,,,0.76,0.15,0.04,0.8,,,0.68,,,,,0.18,,,,,0.05,,0.77,1.0,,,0.42,,,,0.46,,,0.98,,,0.7,0.9,0.91,0.73,,,,,,,0.99,0.37,,,,,,,0.86,0.95,,0.81,,,0.69,,,,,,,0.52,,,0.95,0.01,,,,,,,0.84,0.22,,,,,,,,,0.98,,,0.93,,,,0.78,,,,,0.89,,0.99,,0.85,,,,,0.94,0.19,0.01,,,,,,0.75,0.8,,,0.02,,0.3,,0.77,,0.68,,0.22,0.1,0.03,,,,0.37,,,,,,,,0.0,0.9,0.68,,,,,,0.93,0.94,,,,,,0.9,,,,0.89,0.95,0.03,,,,,,,,,,0.97,,0.06,,,,0.03,,,,,,,0.92,,,,,,,,,,,,,,,,0.95,,,,,,,,,,,,,,,,,,,,,,0.79,,,,,0.94,,0.75,0.01,,,,,,,0.02,,0.96,,,,,,,,,,0.74,,0.98,0.96,0.61,,0.86,,0.79,,,,,,0.87,,,,,,,,,,,,,,,,,,,,,,,,,,,,,,0.96,,,,0.99,0.98,0.67,0.07
S18,,,,,,,,,,,,,,,,,,,,,0.99,,,,,0.99,,,,,,,0.94,,,,,,,,,,,,,,,0.0,0.02,,,,,,,,,,,0.02,,,,,,,,,,,,,,,,,,,,,0.86,,,,,,0.65,,,,,,,,,,0.0,,,,,,,,,,,,,,,,,,,0.01,,,,0.45,,,0.51,,,0.92,0.03,,,,,,,,,,,,,,,,,,,,,0.81,0.94,,,,0.81,,,0.06,,,,0.91,0.88,,0.99,,,,,,,,,,,0.82,,0.97,,,,,,,,,,,,,,,,0.71,,,,,,,,,,,,,,,,,,,,0.98,,,,,,0.1,,,,,0.98,,0.02,,,,,,,,,0.98,,,,0.99,,,,,,,,,0.2,,,,,,,,0.8,,,,,,,,,,,,,,,,,,,,,,,,,,,,,,,0.99,1.0,,,,,,,,,,0.99,,,,,,,,,,,,,,,,,,,,,,,,,,,,,,,,,,,,,,,,,,,,,,,,,,,,,,,
P1,0.27,0.83,0.4,0.62,0.43,0.78,,0.6,0.76,0.52,0.79,0.77,0.79,0.69,0.39,0.25,0.41,0.58,0.57,0.38,0.37,0.24,0.7,0.65,0.43,0.69,0.83,0.27,0.31,0.72,0.59,0.47,,0.28,0.52,,,,0.85,,0.64,0.28,0.34,0.75,,0.05,0.44,0.45,0.66,,0.74,0.84,0.65,0.28,0.24,0.93,0.37,0.12,0.38,,0.75,0.52,,0.32,0.66,,0.86,0.83,0.41,0.75,0.55,0.74,0.49,0.64,0.33,0.73,0.86,0.8,0.82,,0.51,0.7,,0.63,0.75,0.8,0.67,0.37,,0.77,0.49,0.8,0.41,0.76,,0.4,0.26,0.73,,0.69,0.49,0.27,0.43,0.93,0.37,0.7,0.1,,0.54,0.73,0.53,0.27,0.83,,0.78,0.78,0.75,,0.7,0.53,0.49,0.65,0.27,0.56,0.89,0.43,0.28,0.46,0.82,,0.66,0.48,0.66,,0.31,0.73,,0.59,0.9,0.69,0.53,0.52,,0.77,0.37,0.78,0.48,0.52,0.66,0.56,0.65,,0.85,0.31,0.36,0.28,,0.5,0.5,0.31,0.75,0.79,0.53,,0.44,0.59,0.64,0.51,0.2,0.64,,0.32,0.45,0.64,0.36,0.44,0.21,0.38,0.25,0.57,0.82,0.73,0.71,0.39,,0.13,,0.71,0.33,0.52,,0.85,0.82,0.55,0.59,,,0.62,0.61,0.63,0.72,,0.54,0.28,0.65,0.78,0.67,0.83,0.93,0.41,0.42,0.39,0.62,,0.26,,0.53,0.39,,0.61,0.53,0.4,0.57,0.33,0.52,0.71,0.72,,0.59,0.77,0.59,,0.69,0.7,0.67,,0.6,0.49,0.58,,0.45,0.5,0.33,0.58,0.25,0.81,0.66,,0.79,0.71,0.75,,0.37,0.89,0.55,,0.31,,0.54,,0.6,0.67,0.24,0.82,,,,,0.21,0.72,0.87,0.85,,,0.74,0.76,0.71,0.5,0.74,0.57,0.61,0.17,0.28,,0.94,0.89,,0.66,0.5,0.52,0.9,,,0.71,,,0.79,0.39,0.74,,,0.76,0.57,0.67,0.63,,0.74,0.94,0.55,,,0.63,0.68,0.19,0.74,0.24,,0.83,0.49,,0.57,0.12,,0.23,,0.3,0.93,0.51,0.6,0.41,,0.45,0.09,0.43,0.67,0.69,0.77,0.58,,,,0.75,0.92,,0.81,0.77,,,0.84,0.5,0.56,
P2,0.37,0.85,0.49,0.63,0.36,0.72,0.47,0.6,0.73,0.68,0.57,0.56,0.63,0.89,0.56,0.33,0.51,0.53,0.41,0.7,0.28,0.18,0.8,0.79,0.39,0.84,0.68,0.21,0.61,0.62,0.95,0.12,0.56,0.53,0.63,0.72,0.42,0.28,0.65,0.73,0.7,0.7,0.3,0.64,0.33,0.44,0.22,0.31,0.76,0.25,0.76,0.71,,0.25,0.19,0.38,,0.59,0.7,0.26,0.52,0.14,0.46,0.42,0.66,0.68,0.93,0.96,0.39,0.9,0.49,0.74,0.77,0.82,0.15,0.7,0.7,0.54,0.8,,0.29,0.94,0.49,0.72,0.76,0.52,0.56,0.34,0.37,0.5,,0.64,,0.71,,0.19,0.29,0.36,0.61,,0.36,0.33,0.55,0.8,0.23,0.9,0.22,0.78,0.66,0.85,0.93,0.38,0.92,0.61,0.81,0.73,0.54,,0.6,0.52,0.44,0.83,0.32,0.64,0.75,0.46,0.31,0.26,0.81,0.51,0.66,0.87,0.58,,0.61,,0.32,0.52,0.57,0.59,0.88,0.53,,0.72,,0.51,0.45,0.79,0.74,,0.77,0.28,0.75,0.37,0.91,0.24,0.46,0.44,0.43,0.23,0.55,,0.37,0.81,0.43,0.44,0.45,0.19,0.29,0.79,0.81,0.69,,0.58,0.07,0.79,0.15,0.8,0.18,0.54,,0.68,0.97,0.35,0.65,0.66,0.78,0.83,0.31,0.88,0.53,0.4,0.87,0.79,0.59,0.76,0.67,0.73,0.67,0.79,0.62,,0.32,0.39,0.08,0.58,,0.92,,0.47,,0.44,0.74,,0.57,,0.6,,,0.39,0.69,0.91,0.6,0.59,0.19,,0.49,0.08,0.15,0.76,0.12,0.52,0.58,0.79,0.45,0.88,0.96,0.87,0.88,0.72,0.23,0.03,0.57,0.52,,0.64,0.58,,0.32,0.88,0.61,,0.66,0.59,0.75,0.43,0.2,0.3,0.7,0.68,0.85,,,0.56,,0.46,,,0.57,0.66,,0.59,0.79,0.25,0.71,0.72,0.57,0.7,0.79,0.78,0.83,0.34,0.42,0.42,0.54,0.79,0.89,0.64,0.73,0.61,0.69,0.71,0.77,0.15,,,,,0.82,0.52,0.68,0.82,0.85,0.74,0.8,0.77,0.97,0.73,0.53,,,,0.74,0.37,0.82,0.36,0.29,0.71,0.89,0.67,0.22,0.21,,0.24,0.74,,0.52,0.58,0.84,0.31,0.75,0.6,0.85,0.86,0.89,0.73,0.65,0.76,0.59,0.21,0.61,0.81,0.67,0.15,0.52,0.67,0.63,0.73,0.82,0.9,0.71,0.55
P3,0.31,0.64,0.59,0.7,0.52,0.79,,0.65,0.42,0.64,0.68,0.66,0.74,0.79,0.43,0.34,0.32,0.61,0.52,0.51,0.5,0.3,0.79,0.59,0.34,0.77,0.78,0.16,0.75,0.54,0.69,0.12,0.63,0.18,0.53,,,,0.52,,0.54,0.82,0.36,0.8,,0.27,,0.4,0.84,,0.89,0.76,0.63,0.37,0.3,0.76,0.16,0.41,0.44,0.58,0.43,0.32,0.5,0.57,0.74,,0.44,0.58,0.04,0.56,0.58,0.83,0.91,0.75,,0.61,0.75,0.81,0.64,0.23,0.31,0.57,0.19,0.74,0.86,0.44,0.44,0.55,,0.76,,,,0.84,0.48,0.24,0.39,0.72,,0.56,0.6,0.28,0.74,0.52,0.07,0.73,0.3,0.64,0.87,0.68,0.88,0.23,0.56,,0.73,0.6,0.84,0.47,0.46,0.5,0.41,0.67,0.34,0.67,0.75,0.4,0.24,0.16,0.65,,0.38,0.5,0.49,0.47,,,0.22,0.83,0.8,0.58,0.64,0.51,0.64,0.51,,,0.39,0.76,0.96,,0.88,,0.76,0.18,0.29,0.16,,0.54,0.4,0.22,0.76,,0.37,0.37,0.44,0.41,0.38,0.69,0.17,0.74,0.76,0.74,0.62,0.62,0.25,0.6,0.38,0.36,0.29,0.48,0.63,0.7,0.54,0.45,0.61,0.4,,0.79,0.25,0.95,,0.52,0.7,0.69,0.7,,0.75,0.95,0.62,0.88,0.53,0.53,0.43,0.35,0.33,0.72,0.7,0.62,0.3,0.43,0.64,0.41,0.38,0.21,,0.69,0.59,0.65,0.7,0.79,0.19,0.84,0.75,,0.35,,0.78,0.38,0.18,0.72,,,0.76,0.79,0.54,0.71,0.46,0.63,0.75,,0.52,0.35,0.61,0.56,,0.74,0.63,0.58,0.77,0.73,0.65,0.75,0.81,0.54,0.91,,0.4,0.44,0.34,0.66,0.77,,,0.44,0.58,,0.29,0.77,0.67,0.67,0.37,0.85,,0.3,0.8,0.91,0.82,,0.79,0.77,0.65,0.28,0.41,,0.91,0.64,0.58,0.82,0.57,0.52,0.78,0.74,0.76,0.48,0.69,0.74,0.68,0.12,,0.68,0.45,0.64,0.61,0.74,0.94,,0.57,0.58,0.64,0.69,0.67,0.64,0.41,0.34,0.63,0.31,0.4,,0.83,,0.36,0.43,0.77,0.26,,,0.55,0.87,0.59,0.35,,0.84,0.97,0.96,0.38,0.58,0.72,0.76,,,,0.78,0.58,0.79,0.74,0.85,0.73,0.39,0.56,,0.64,
